Username,FirstName,LastName,DisplayName,Email,OU
elizabethsmith1,Elizabeth,Smith,Elizabeth Smith,elizabethsmith1@drexle735.local,"OU=dev,DC=dc,DC=drexle735,DC=local"
jameslopez2,James,Lopez,James Lopez,jameslopez2@drexle735.local,"OU=sales,DC=dc,DC=drexle735,DC=local"
williambrown3,William,Brown,William Brown,williambrown3@drexle735.local,"OU=app,DC=dc,DC=drexle735,DC=local"
jessicaanderson4,Jessica,Anderson,Jessica Anderson,jessicaanderson4@drexle735.local,"OU=test,DC=dc,DC=drexle735,DC=local"
barbarajohnson5,Barbara,Johnson,Barbara Johnson,barbarajohnson5@drexle735.local,"OU=test,DC=dc,DC=drexle735,DC=local"
sarahdavis6,Sarah,Davis,Sarah Davis,sarahdavis6@drexle735.local,"OU=dev,DC=dc,DC=drexle735,DC=local"
richardgarcia7,Richard,Garcia,Richard Garcia,richardgarcia7@drexle735.local,"OU=test,DC=dc,DC=drexle735,DC=local"
davidwilliams8,David,Williams,David Williams,davidwilliams8@drexle735.local,"OU=test,DC=dc,DC=drexle735,DC=local"
davidmoore9,David,Moore,David Moore,davidmoore9@drexle735.local,"OU=dev,DC=dc,DC=drexle735,DC=local"
richardjones10,Richard,Jones,Richard Jones,richardjones10@drexle735.local,"OU=dev,DC=dc,DC=drexle735,DC=local"
williammoore11,William,Moore,William Moore,williammoore11@drexle735.local,"OU=sec,DC=dc,DC=drexle735,DC=local"
michaelwilliams12,Michael,Williams,Michael Williams,michaelwilliams12@drexle735.local,"OU=dev,DC=dc,DC=drexle735,DC=local"
lindamartin13,Linda,Martin,Linda Martin,lindamartin13@drexle735.local,"OU=dev,DC=dc,DC=drexle735,DC=local"
susansmith14,Susan,Smith,Susan Smith,susansmith14@drexle735.local,"OU=sales,DC=dc,DC=drexle735,DC=local"
thomastaylor15,Thomas,Taylor,Thomas Taylor,thomastaylor15@drexle735.local,"OU=hr,DC=dc,DC=drexle735,DC=local"
robertdavis16,Robert,Davis,Robert Davis,robertdavis16@drexle735.local,"OU=app,DC=dc,DC=drexle735,DC=local"
sarahjones17,Sarah,Jones,Sarah Jones,sarahjones17@drexle735.local,"OU=sales,DC=dc,DC=drexle735,DC=local"
sarahgonzalez18,Sarah,Gonzalez,Sarah Gonzalez,sarahgonzalez18@drexle735.local,"OU=hr,DC=dc,DC=drexle735,DC=local"
johnwilson19,John,Wilson,John Wilson,johnwilson19@drexle735.local,"OU=app,DC=dc,DC=drexle735,DC=local"
jamesthomas20,James,Thomas,James Thomas,jamesthomas20@drexle735.local,"OU=dev,DC=dc,DC=drexle735,DC=local"
davidanderson21,David,Anderson,David Anderson,davidanderson21@drexle735.local,"OU=dev,DC=dc,DC=drexle735,DC=local"
sarahgonzalez22,Sarah,Gonzalez,Sarah Gonzalez,sarahgonzalez22@drexle735.local,"OU=dev,DC=dc,DC=drexle735,DC=local"
thomasrodriguez23,Thomas,Rodriguez,Thomas Rodriguez,thomasrodriguez23@drexle735.local,"OU=test,DC=dc,DC=drexle735,DC=local"
susangarcia24,Susan,Garcia,Susan Garcia,susangarcia24@drexle735.local,"OU=app,DC=dc,DC=drexle735,DC=local"
sarahhernandez25,Sarah,Hernandez,Sarah Hernandez,sarahhernandez25@drexle735.local,"OU=hr,DC=dc,DC=drexle735,DC=local"
marywilliams26,Mary,Williams,Mary Williams,marywilliams26@drexle735.local,"OU=hr,DC=dc,DC=drexle735,DC=local"
karenwilliams27,Karen,Williams,Karen Williams,karenwilliams27@drexle735.local,"OU=app,DC=dc,DC=drexle735,DC=local"
robertgarcia28,Robert,Garcia,Robert Garcia,robertgarcia28@drexle735.local,"OU=hr,DC=dc,DC=drexle735,DC=local"
williammoore29,William,Moore,William Moore,williammoore29@drexle735.local,"OU=dev,DC=dc,DC=drexle735,DC=local"
thomastaylor30,Thomas,Taylor,Thomas Taylor,thomastaylor30@drexle735.local,"OU=dev,DC=dc,DC=drexle735,DC=local"
barbaragarcia31,Barbara,Garcia,Barbara Garcia,barbaragarcia31@drexle735.local,"OU=app,DC=dc,DC=drexle735,DC=local"
josephrodriguez32,Joseph,Rodriguez,Joseph Rodriguez,josephrodriguez32@drexle735.local,"OU=sec,DC=dc,DC=drexle735,DC=local"
robertmiller33,Robert,Miller,Robert Miller,robertmiller33@drexle735.local,"OU=app,DC=dc,DC=drexle735,DC=local"
michaelmoore34,Michael,Moore,Michael Moore,michaelmoore34@drexle735.local,"OU=sales,DC=dc,DC=drexle735,DC=local"
susanbrown35,Susan,Brown,Susan Brown,susanbrown35@drexle735.local,"OU=hr,DC=dc,DC=drexle735,DC=local"
williamlopez36,William,Lopez,William Lopez,williamlopez36@drexle735.local,"OU=sec,DC=dc,DC=drexle735,DC=local"
thomasthomas37,Thomas,Thomas,Thomas Thomas,thomasthomas37@drexle735.local,"OU=sec,DC=dc,DC=drexle735,DC=local"
jenniferwilson38,Jennifer,Wilson,Jennifer Wilson,jenniferwilson38@drexle735.local,"OU=sec,DC=dc,DC=drexle735,DC=local"
patriciathomas39,Patricia,Thomas,Patricia Thomas,patriciathomas39@drexle735.local,"OU=test,DC=dc,DC=drexle735,DC=local"
davidthomas40,David,Thomas,David Thomas,davidthomas40@drexle735.local,"OU=test,DC=dc,DC=drexle735,DC=local"
jessicahernandez41,Jessica,Hernandez,Jessica Hernandez,jessicahernandez41@drexle735.local,"OU=dev,DC=dc,DC=drexle735,DC=local"
johndavis42,John,Davis,John Davis,johndavis42@drexle735.local,"OU=test,DC=dc,DC=drexle735,DC=local"
robertgonzalez43,Robert,Gonzalez,Robert Gonzalez,robertgonzalez43@drexle735.local,"OU=sales,DC=dc,DC=drexle735,DC=local"
jamesmiller44,James,Miller,James Miller,jamesmiller44@drexle735.local,"OU=test,DC=dc,DC=drexle735,DC=local"
sarahrodriguez45,Sarah,Rodriguez,Sarah Rodriguez,sarahrodriguez45@drexle735.local,"OU=sec,DC=dc,DC=drexle735,DC=local"
marymartinez46,Mary,Martinez,Mary Martinez,marymartinez46@drexle735.local,"OU=sec,DC=dc,DC=drexle735,DC=local"
elizabethdavis47,Elizabeth,Davis,Elizabeth Davis,elizabethdavis47@drexle735.local,"OU=sales,DC=dc,DC=drexle735,DC=local"
jamesmartinez48,James,Martinez,James Martinez,jamesmartinez48@drexle735.local,"OU=test,DC=dc,DC=drexle735,DC=local"
barbaralopez49,Barbara,Lopez,Barbara Lopez,barbaralopez49@drexle735.local,"OU=sec,DC=dc,DC=drexle735,DC=local"
barbarasmith50,Barbara,Smith,Barbara Smith,barbarasmith50@drexle735.local,"OU=dev,DC=dc,DC=drexle735,DC=local"
lindamoore51,Linda,Moore,Linda Moore,lindamoore51@drexle735.local,"OU=test,DC=dc,DC=drexle735,DC=local"
thomasthomas52,Thomas,Thomas,Thomas Thomas,thomasthomas52@drexle735.local,"OU=sales,DC=dc,DC=drexle735,DC=local"
jamesmartinez53,James,Martinez,James Martinez,jamesmartinez53@drexle735.local,"OU=app,DC=dc,DC=drexle735,DC=local"
davidgonzalez54,David,Gonzalez,David Gonzalez,davidgonzalez54@drexle735.local,"OU=test,DC=dc,DC=drexle735,DC=local"
jamesmoore55,James,Moore,James Moore,jamesmoore55@drexle735.local,"OU=app,DC=dc,DC=drexle735,DC=local"
richardjones56,Richard,Jones,Richard Jones,richardjones56@drexle735.local,"OU=sec,DC=dc,DC=drexle735,DC=local"
barbarajones57,Barbara,Jones,Barbara Jones,barbarajones57@drexle735.local,"OU=test,DC=dc,DC=drexle735,DC=local"
charlesmartin58,Charles,Martin,Charles Martin,charlesmartin58@drexle735.local,"OU=dev,DC=dc,DC=drexle735,DC=local"
richardtaylor59,Richard,Taylor,Richard Taylor,richardtaylor59@drexle735.local,"OU=dev,DC=dc,DC=drexle735,DC=local"
williammartinez60,William,Martinez,William Martinez,williammartinez60@drexle735.local,"OU=sales,DC=dc,DC=drexle735,DC=local"
sarahrodriguez61,Sarah,Rodriguez,Sarah Rodriguez,sarahrodriguez61@drexle735.local,"OU=hr,DC=dc,DC=drexle735,DC=local"
charleswilson62,Charles,Wilson,Charles Wilson,charleswilson62@drexle735.local,"OU=dev,DC=dc,DC=drexle735,DC=local"
karengarcia63,Karen,Garcia,Karen Garcia,karengarcia63@drexle735.local,"OU=test,DC=dc,DC=drexle735,DC=local"
susanmoore64,Susan,Moore,Susan Moore,susanmoore64@drexle735.local,"OU=hr,DC=dc,DC=drexle735,DC=local"
karenthomas65,Karen,Thomas,Karen Thomas,karenthomas65@drexle735.local,"OU=app,DC=dc,DC=drexle735,DC=local"
barbarabrown66,Barbara,Brown,Barbara Brown,barbarabrown66@drexle735.local,"OU=test,DC=dc,DC=drexle735,DC=local"
jennifermiller67,Jennifer,Miller,Jennifer Miller,jennifermiller67@drexle735.local,"OU=sales,DC=dc,DC=drexle735,DC=local"
roberthernandez68,Robert,Hernandez,Robert Hernandez,roberthernandez68@drexle735.local,"OU=dev,DC=dc,DC=drexle735,DC=local"
elizabeththomas69,Elizabeth,Thomas,Elizabeth Thomas,elizabeththomas69@drexle735.local,"OU=sec,DC=dc,DC=drexle735,DC=local"
josephrodriguez70,Joseph,Rodriguez,Joseph Rodriguez,josephrodriguez70@drexle735.local,"OU=sales,DC=dc,DC=drexle735,DC=local"
patriciagarcia71,Patricia,Garcia,Patricia Garcia,patriciagarcia71@drexle735.local,"OU=sales,DC=dc,DC=drexle735,DC=local"
thomaslopez72,Thomas,Lopez,Thomas Lopez,thomaslopez72@drexle735.local,"OU=dev,DC=dc,DC=drexle735,DC=local"
susanjohnson73,Susan,Johnson,Susan Johnson,susanjohnson73@drexle735.local,"OU=test,DC=dc,DC=drexle735,DC=local"
patriciamartin74,Patricia,Martin,Patricia Martin,patriciamartin74@drexle735.local,"OU=sales,DC=dc,DC=drexle735,DC=local"
josephjones75,Joseph,Jones,Joseph Jones,josephjones75@drexle735.local,"OU=dev,DC=dc,DC=drexle735,DC=local"
davidbrown76,David,Brown,David Brown,davidbrown76@drexle735.local,"OU=test,DC=dc,DC=drexle735,DC=local"
charlesmartin77,Charles,Martin,Charles Martin,charlesmartin77@drexle735.local,"OU=dev,DC=dc,DC=drexle735,DC=local"
michaelsmith78,Michael,Smith,Michael Smith,michaelsmith78@drexle735.local,"OU=sales,DC=dc,DC=drexle735,DC=local"
johngarcia79,John,Garcia,John Garcia,johngarcia79@drexle735.local,"OU=hr,DC=dc,DC=drexle735,DC=local"
karenwilliams80,Karen,Williams,Karen Williams,karenwilliams80@drexle735.local,"OU=app,DC=dc,DC=drexle735,DC=local"
karenbrown81,Karen,Brown,Karen Brown,karenbrown81@drexle735.local,"OU=dev,DC=dc,DC=drexle735,DC=local"
sarahsmith82,Sarah,Smith,Sarah Smith,sarahsmith82@drexle735.local,"OU=sales,DC=dc,DC=drexle735,DC=local"
jessicawilliams83,Jessica,Williams,Jessica Williams,jessicawilliams83@drexle735.local,"OU=hr,DC=dc,DC=drexle735,DC=local"
jessicawilson84,Jessica,Wilson,Jessica Wilson,jessicawilson84@drexle735.local,"OU=dev,DC=dc,DC=drexle735,DC=local"
barbarahernandez85,Barbara,Hernandez,Barbara Hernandez,barbarahernandez85@drexle735.local,"OU=sales,DC=dc,DC=drexle735,DC=local"
susanjones86,Susan,Jones,Susan Jones,susanjones86@drexle735.local,"OU=test,DC=dc,DC=drexle735,DC=local"
susangonzalez87,Susan,Gonzalez,Susan Gonzalez,susangonzalez87@drexle735.local,"OU=dev,DC=dc,DC=drexle735,DC=local"
robertmiller88,Robert,Miller,Robert Miller,robertmiller88@drexle735.local,"OU=app,DC=dc,DC=drexle735,DC=local"
karenwilliams89,Karen,Williams,Karen Williams,karenwilliams89@drexle735.local,"OU=test,DC=dc,DC=drexle735,DC=local"
williamjackson90,William,Jackson,William Jackson,williamjackson90@drexle735.local,"OU=test,DC=dc,DC=drexle735,DC=local"
richardbrown91,Richard,Brown,Richard Brown,richardbrown91@drexle735.local,"OU=sales,DC=dc,DC=drexle735,DC=local"
thomasanderson92,Thomas,Anderson,Thomas Anderson,thomasanderson92@drexle735.local,"OU=test,DC=dc,DC=drexle735,DC=local"
johnjones93,John,Jones,John Jones,johnjones93@drexle735.local,"OU=sec,DC=dc,DC=drexle735,DC=local"
jenniferthomas94,Jennifer,Thomas,Jennifer Thomas,jenniferthomas94@drexle735.local,"OU=sales,DC=dc,DC=drexle735,DC=local"
johnwilliams95,John,Williams,John Williams,johnwilliams95@drexle735.local,"OU=hr,DC=dc,DC=drexle735,DC=local"
elizabethlopez96,Elizabeth,Lopez,Elizabeth Lopez,elizabethlopez96@drexle735.local,"OU=app,DC=dc,DC=drexle735,DC=local"
jamesjackson97,James,Jackson,James Jackson,jamesjackson97@drexle735.local,"OU=dev,DC=dc,DC=drexle735,DC=local"
thomassmith98,Thomas,Smith,Thomas Smith,thomassmith98@drexle735.local,"OU=dev,DC=dc,DC=drexle735,DC=local"
sarahjones99,Sarah,Jones,Sarah Jones,sarahjones99@drexle735.local,"OU=sec,DC=dc,DC=drexle735,DC=local"
elizabethmoore100,Elizabeth,Moore,Elizabeth Moore,elizabethmoore100@drexle735.local,"OU=sales,DC=dc,DC=drexle735,DC=local"
